{
	"bbh.coming1": {"sounds": ["Dadada"]},
	"bbh.coming2": {"sounds": ["Fishinabucket"]},
	"bbh.death1": {"sounds": ["Aaa"]},
	"bbh.death2": {"sounds": ["E11"]},
	"bbh.death3": {"sounds": ["No"]},
	"bbh.death4": {"sounds": ["Nooo2"]},
	"bbh.death5": {"sounds": ["Notcutelol"]},
	"bbh.death6": {"sounds": ["Whatiswrongwithu"]},
	"bbh.find_potato": {"sounds": ["Potato"]},
	"bbh.joke1": {"sounds": ["Fries"]},
	"bbh.joke2": {"sounds": ["Macaroni"]},
	"bbh.kill1": {"sounds": ["E16"]},
	"bbh.kill2": {"sounds": ["E17"]},
	"bbh.kill3": {"sounds": ["Ily"]},
	"bbh.on_slime_block": {"sounds": ["Bouncy"]},
	"bbh.pity1": {"sounds": ["Dontdothatman"]},
	"click1": {"sounds": ["click1"]},
	"click2": {"sounds": ["click2"]},
	"d.death1": {"sounds": ["Dream2"]},
	"d.death2": {"sounds": ["Dream3"]},
	"d.death3": {"sounds": ["Dream8"]},
	"d.death4": {"sounds": ["Dream12"]},
	"d.death5": {"sounds": ["Dream13"]},
	"d.death6": {"sounds": ["Dream14"]},
	"d.insult1": {"sounds": ["Dream6"]},
	"d.insult2": {"sounds": ["Dream9"]},
	"d.insult3": {"sounds": ["Dream11"]},
	"d.joke1": {"sounds": ["Dream16"]},
	"d.joke2": {"sounds": ["Dream17"]},
	"d.pity1": {"sounds": ["Dream5"]},
	"d.pog": {"sounds": ["Dream7"]},
	"d.what1": {"sounds": ["Dream1"]},
	"d.what2": {"sounds": ["Dream4"]},
	"gnf.death1": {"sounds": ["G1"]},
	"gnf.death2": {"sounds": ["G1"]},
	"gnf.death3": {"sounds": ["G9"]},
	"gnf.joke1": {"sounds": ["G4"]},
	"gnf.joke2": {"sounds": ["G12"]},
	"gnf.kill1": {"sounds": ["G3"]},
	"gnf.kill2": {"sounds": ["G10"]},
	"gnf.pity1": {"sounds": ["G11"]},
	"gnf.what1": {"sounds": ["G8"]},
	"ost1": {"sounds": ["ost1"]}	,
	"sk.bhh_find_potato": {"sounds": ["Bbhispotat"]},
	"sk.coming1": {"sounds": ["Ding"]},
	"sk.coming2": {"sounds": ["Lalala"]},
	"sk.death1": {"sounds": ["No1"]},
	"sk.death2": {"sounds": ["Nooo"]},
	"sk.death3": {"sounds": ["Notmuted"]},
	"sk.death4": {"sounds": ["Sike"]},
	"sk.death5": {"sounds": ["Wat"]},
	"sk.death6": {"sounds": ["Aaa2"]},
	"sk.death7": {"sounds": ["Youstupidbitch"]},
	"sk.death8": {"sounds": ["Ahhh"]},
	"sk.death9": {"sounds": ["B7"]},
	"sk.death10": {"sounds": ["E14"]},
	"sk.death11": {"sounds": ["Endme"]},
	"sk.find_sugar": {"sounds": ["B2"]},
	"sk.insult1": {"sounds": ["Fuck"]},
	"sk.joke1": {"sounds": ["B3"]},
	"sk.joke2": {"sounds": ["Faceid"]},
	"sk.joke3": {"sounds": ["Girlskins"]},
	"sk.joke4": {"sounds": ["Hottestgirls"]},
	"sk.joke5": {"sounds": ["Whatdidijustwatch"]},
	"sk.kill1": {"sounds": ["Bruh"]},
	"sk.kill2": {"sounds": ["E14"]},
	"sk.kill3": {"sounds": ["Iloveyou"]},
	"sk.kill4": {"sounds": ["Quack"]},
	"sk.kill5": {"sounds": ["Yea"]},
	"sk.pity1": {"sounds": ["Helpme"]},
	"sk.pity2": {"sounds": ["Ohnowait"]},
	"sk.pity3": {"sounds": ["Wotdahecc"]},
	"sk.pity4": {"sounds": ["Ow"]},
	"sk.player_burning": {"sounds": ["Ihopeudieinafire"]},
	"sk.shhh": {"sounds": ["B5"]},
	"sk.welcome": {"sounds": ["Hello"]},
	"sk.what1": {"sounds": ["B1"]},
	"sn.death1": {"sounds": ["Sike"]},
	"sn.insult1": {"sounds": ["S3"]},
	"sn.joke1": {"sounds": ["S2"]},
	"sn.joke2": {"sounds": ["S6"]},
	"sn.kill1": {"sounds": ["S7"]},
	"sn.what1": {"sounds": ["Sike"]}
}